{
    "metadata":{
        "materials":1,
        "uvs":0,
        "version":3,
        "generator":"io_three",
        "vertices":184,
        "normals":26,
        "faces":182,
        "type":"Geometry"
    },
    "materials":[{
        "shading":"phong",
        "visible":true,
        "transparent":false,
        "doubleSided":true,
        "opacity":1,
        "DbgColor":15658734,
        "specularCoef":50,
        "colorEmissive":[0,0,0],
        "DbgIndex":0,
        "depthWrite":true,
        "wireframe":false,
        "colorDiffuse":[0.0104531,0.8,0],
        "depthTest":true,
        "blending":"NormalBlending",
        "DbgName":"Material",
        "colorSpecular":[0.00652361,1,0.0246132]
    }],
    "uvs":[],
    "vertices":[22.3322,0.610251,2.53799,22.3322,4.13148,2.53799,22.3322,7.65271,2.53799,22.3322,11.1739,2.53799,22.3322,14.6952,2.53799,-23.4437,14.6952,2.53799,-23.4437,11.1739,2.53799,-23.4437,7.65271,2.53799,-23.4437,4.13148,2.53799,-23.4437,0.610251,2.53799,-19.9225,0.610251,2.53799,-19.9225,4.13148,2.53799,-19.9225,7.65271,2.53799,-19.9225,11.1739,2.53799,-19.9225,14.6952,2.53799,-19.9225,18.2164,2.53799,-16.4013,0.610251,2.53799,-16.4013,4.13148,2.53799,-16.4013,7.65271,2.53799,-16.4013,11.1739,2.53799,-16.4013,14.6952,2.53799,-16.4013,18.2164,2.53799,-12.8801,0.610251,2.53799,-12.8801,4.13148,2.53799,-12.8801,7.65271,2.53799,-12.8801,11.1739,2.53799,-12.8801,14.6952,2.53799,-12.8801,18.2164,2.53799,-9.35882,0.610251,2.53799,-9.35882,4.13148,2.53799,-9.35882,7.65271,2.53799,-9.35882,11.1739,2.53799,-9.35882,14.6952,2.53799,-9.35882,18.2164,2.53799,-5.8376,0.610251,2.53799,-5.8376,4.13148,2.53799,-5.8376,7.65271,2.53799,-5.8376,11.1739,2.53799,-5.8376,14.6952,2.53799,-5.8376,18.2164,2.53799,-5.8376,21.7376,2.53799,-5.8376,25.2588,2.53799,-2.31637,0.610251,2.53799,-2.31637,4.13148,2.53799,-2.31637,7.65271,2.53799,-2.31637,11.1739,2.53799,-2.31637,14.6952,2.53799,-2.31637,18.2164,2.53799,-2.31637,21.7376,2.53799,-2.31637,25.2588,2.53799,-2.31637,28.7801,2.53799,1.20486,0.610251,2.53799,1.20486,4.13148,2.53799,1.20486,7.65271,2.53799,1.20486,11.1739,2.53799,1.20486,14.6952,2.53799,1.20486,18.2164,2.53799,1.20486,21.7376,2.53799,1.20486,25.2588,2.53799,1.20486,28.7801,2.53799,4.72609,0.610251,2.53799,4.72609,4.13148,2.53799,4.72609,7.65271,2.53799,4.72609,11.1739,2.53799,4.72609,14.6952,2.53799,4.72609,18.2164,2.53799,4.72609,21.7376,2.53799,4.72609,25.2588,2.53799,8.24731,0.610251,2.53799,8.24731,4.13148,2.53799,8.24731,7.65271,2.53799,8.24731,11.1739,2.53799,8.24731,14.6952,2.53799,8.24731,18.2164,2.53799,11.7685,0.610251,2.53799,11.7685,4.13148,2.53799,11.7685,7.65271,2.53799,11.7685,11.1739,2.53799,11.7685,14.6952,2.53799,11.7685,18.2164,2.53799,15.2898,0.610251,2.53799,15.2898,4.13148,2.53799,15.2898,7.65271,2.53799,15.2898,11.1739,2.53799,15.2898,14.6952,2.53799,15.2898,18.2164,2.53799,18.811,0.610251,2.53799,18.811,4.13148,2.53799,18.811,7.65271,2.53799,18.811,11.1739,2.53799,18.811,14.6952,2.53799,18.811,18.2164,2.53799,22.3322,0.610251,-0.47981,22.3322,4.13148,-0.47981,22.3322,7.65271,-0.47981,22.3322,11.1739,-0.479811,22.3322,14.6952,-0.479811,-23.4437,14.6952,-0.479811,-23.4437,11.1739,-0.479811,-23.4437,7.65271,-0.47981,-23.4437,4.13148,-0.47981,-23.4437,0.610251,-0.47981,-19.9225,0.610251,-0.47981,-19.9225,4.13148,-0.47981,-19.9225,7.65271,-0.47981,-19.9225,11.1739,-0.479811,-19.9225,14.6952,-0.479811,-19.9225,18.2164,-0.479812,-16.4013,0.610251,-0.47981,-16.4013,4.13148,-0.47981,-16.4013,7.65271,-0.47981,-16.4013,11.1739,-0.479811,-16.4013,14.6952,-0.479811,-16.4013,18.2164,-0.479812,-12.8801,0.610251,-0.47981,-12.8801,4.13148,-0.47981,-12.8801,7.65271,-0.47981,-12.8801,11.1739,-0.479811,-12.8801,14.6952,-0.479811,-12.8801,18.2164,-0.479812,-9.35882,0.610251,-0.47981,-9.35882,4.13148,-0.47981,-9.35882,7.65271,-0.47981,-9.35882,11.1739,-0.479811,-9.35882,14.6952,-0.479811,-9.35882,18.2164,-0.479812,-5.8376,0.610251,-0.47981,-5.8376,4.13148,-0.47981,-5.8376,7.65271,-0.47981,-5.8376,11.1739,-0.479811,-5.8376,14.6952,-0.479811,-5.8376,18.2164,-0.479812,-5.8376,21.7376,-0.479812,-5.8376,25.2588,-0.479812,-2.31637,0.610251,-0.47981,-2.31637,4.13148,-0.47981,-2.31637,7.65271,-0.47981,-2.31637,11.1739,-0.479811,-2.31637,14.6952,-0.479811,-2.31637,18.2164,-0.479812,-2.31637,21.7376,-0.479812,-2.31637,25.2588,-0.479812,-2.31637,28.7801,-0.479813,1.20486,0.610251,-0.47981,1.20486,4.13148,-0.47981,1.20486,7.65271,-0.47981,1.20486,11.1739,-0.479811,1.20486,14.6952,-0.479811,1.20486,18.2164,-0.479812,1.20486,21.7376,-0.479812,1.20486,25.2588,-0.479812,1.20486,28.7801,-0.479813,4.72609,0.610251,-0.47981,4.72609,4.13148,-0.47981,4.72609,7.65271,-0.47981,4.72609,11.1739,-0.479811,4.72609,14.6952,-0.479811,4.72609,18.2164,-0.479812,4.72609,21.7376,-0.479812,4.72609,25.2588,-0.479812,8.24731,0.610251,-0.47981,8.24731,4.13148,-0.47981,8.24731,7.65271,-0.47981,8.24731,11.1739,-0.479811,8.24731,14.6952,-0.479811,8.24731,18.2164,-0.479812,11.7685,0.610251,-0.47981,11.7685,4.13148,-0.47981,11.7685,7.65271,-0.47981,11.7685,11.1739,-0.479811,11.7685,14.6952,-0.479811,11.7685,18.2164,-0.479812,15.2898,0.610251,-0.47981,15.2898,4.13148,-0.47981,15.2898,7.65271,-0.47981,15.2898,11.1739,-0.479811,15.2898,14.6952,-0.479811,15.2898,18.2164,-0.479812,18.811,0.610251,-0.47981,18.811,4.13148,-0.47981,18.811,7.65271,-0.47981,18.811,11.1739,-0.479811,18.811,14.6952,-0.479811,18.811,18.2164,-0.479812],
    "normals":[1.8338e-14,1.35418e-07,1,1.8338e-14,6.77089e-08,1,3.6676e-14,1.35418e-07,1,3.6676e-14,1.35418e-07,1,0,1.35418e-07,1,0,6.77089e-08,1,0,1.35418e-07,1,0,1.35418e-07,1,0,6.77089e-08,1,0,1.35418e-07,1,0,6.7709e-08,1,0,1.35418e-07,1,-1.8338e-14,-1.35418e-07,-1,-1.8338e-14,-6.7709e-08,-1,-1.8338e-14,-1.35418e-07,-1,0,-1.35418e-07,-1,0,-6.7709e-08,-1,0,-1.35418e-07,-1,0,-1.35418e-07,-1,0,-1.35418e-07,-1,1,0,-0,-1,0,0,-1,0,0,0,-1,0,2.70836e-07,1,0,0,1,-0],