{
    "materials":[{
        "transparent":false,
        "visible":true,
        "colorSpecular":[0.5,0.193124,0.0501823],
        "colorEmissive":[0,0,0],
        "DbgName":"Material.016",
        "blending":"NormalBlending",
        "doubleSided":true,
        "colorDiffuse":[0.64,0.197296,0.0397412],
        "depthTest":true,
        "shading":"phong",
        "opacity":1,
        "DbgIndex":0,
        "DbgColor":15658734,
        "depthWrite":true,
        "specularCoef":50,
        "wireframe":false
    }],
    "metadata":{
        "version":3,
        "generator":"io_three",
        "normals":109,
        "type":"Geometry",
        "materials":1,
        "uvs":0,
        "vertices":122,
        "faces":124
    },
    "uvs":[],
    "vertices":[105.091,114.238,-19.7675,104.299,98.6304,-19.6739,101.133,36.2016,-19.2994,100.342,20.5944,-19.2058,-18.0333,89.3583,9.01433,-18.8248,73.7511,9.10794,-19.6162,58.1439,9.20156,90.6897,130.637,-16.2868,75.497,131.429,-12.7125,60.3044,132.22,-9.13817,45.1117,133.012,-5.56385,29.9191,133.804,-1.98952,23.5873,8.94669,-1.24056,38.78,8.1548,-4.81489,53.9726,7.36291,-8.38922,69.1653,6.57102,-11.9635,84.3579,5.77914,-15.5379,85.1494,21.3863,-15.6315,69.9567,22.1782,-12.0572,54.7641,22.9701,-8.48284,39.5714,23.762,-4.90851,24.3788,24.5539,-1.33418,9.18613,25.3458,2.24015,85.9409,36.9935,-15.7251,70.7482,37.7854,-12.1508,55.5555,38.5773,-8.57646,40.3629,39.3692,-5.00213,25.1702,40.1611,-1.4278,9.9776,40.9529,2.14653,-5.21505,41.7448,5.72085,71.5397,53.3926,-12.2444,56.347,54.1845,-8.67008,41.1544,54.9764,-5.09575,25.9617,55.7682,-1.52142,10.7691,56.5601,2.05291,-4.42358,57.352,5.62724,72.3311,68.9998,-12.338,57.1385,69.7917,-8.7637,41.9458,70.5835,-5.18937,26.7532,71.3754,-1.61504,11.5605,72.1673,1.95929,-3.63211,72.9592,5.53362,73.1226,84.607,-12.4316,57.93,85.3988,-8.85732,42.7373,86.1907,-5.28299,27.5447,86.9826,-1.70866,12.352,87.7745,1.86567,-2.84064,88.5664,5.44,89.1067,99.4223,-16.0996,73.9141,100.214,-12.5253,58.7214,101.006,-8.95094,43.5288,101.798,-5.37661,28.3361,102.59,-1.80228,13.1435,103.382,1.77205,-2.04918,104.174,5.34638,89.8982,115.029,-16.1932,74.7056,115.821,-12.6189,59.5129,116.613,-9.04455,44.3202,117.405,-5.47023,29.1276,118.197,-1.8959,13.9349,118.989,1.67843,102.902,114.293,-29.0836,102.11,98.6855,-28.99,98.9446,36.2567,-28.6156,98.1531,20.6496,-28.5219,-20.2222,89.4134,-0.301785,-21.0137,73.8062,-0.208165,-21.8051,58.199,-0.114546,88.5008,130.692,-25.6029,73.3081,131.484,-22.0286,58.1155,132.276,-18.4543,42.9228,133.067,-14.88,27.7302,133.859,-11.3056,21.3984,9.00181,-10.5567,36.5911,8.20992,-14.131,51.7837,7.41803,-17.7053,66.9764,6.62614,-21.2797,82.169,5.83426,-24.854,82.9605,21.4414,-24.9476,67.7678,22.2333,-21.3733,52.5752,23.0252,-17.7989,37.3825,23.8171,-14.2246,22.1899,24.609,-10.6503,6.99723,25.4009,-7.07596,83.752,37.0486,-25.0412,68.5593,37.8405,-21.4669,53.3667,38.6324,-17.8926,38.174,39.4243,-14.3182,22.9813,40.2162,-10.7439,7.7887,41.0081,-7.16958,-7.40395,41.8,-3.59525,69.3508,53.4477,-21.5605,54.1581,54.2396,-17.9862,38.9655,55.0315,-14.4119,23.7728,55.8234,-10.8375,8.58017,56.6153,-7.2632,-6.61248,57.4072,-3.68887,70.1422,69.0549,-21.6541,54.9496,69.8468,-18.0798,39.7569,70.6387,-14.5055,24.5643,71.4306,-10.9311,9.37164,72.2225,-7.35682,-5.82101,73.0143,-3.78249,70.9337,84.6621,-21.7478,55.7411,85.454,-18.1734,40.5484,86.2459,-14.5991,25.3558,87.0378,-11.0248,10.1631,87.8296,-7.45044,-5.02954,88.6215,-3.87611,86.9178,99.4774,-25.4157,71.7252,100.269,-21.8414,56.5325,101.061,-18.267,41.3399,101.853,-14.6927,26.1472,102.645,-11.1184,10.9546,103.437,-7.54406,-4.23808,104.229,-3.96973,87.7093,115.085,-25.5093,72.5166,115.876,-21.935,57.324,116.668,-18.3607,42.1313,117.46,-14.7863,26.9387,118.252,-11.212,11.746,119.044,-7.63768],
    "faces":[35,35,41,5,6,0,0,0,0,0,35,41,47,4,5,0,0,0,0,0,35,16,17,18,15,0,1,1,1,1,35,14,19,20,13,0,2,2,2,2,35,13,20,21,12,0,3,3,3,3,35,3,2,23,17,0,4,4,4,4,35,18,24,25,19,0,5,5,5,5,35,19,25,26,20,0,6,6,6,6,35,20,26,27,21,0,7,7,7,7,35,21,27,28,22,0,8,8,8,8,35,25,31,32,26,0,9,9,9,9,35,27,33,34,28,0,10,10,10,10,35,28,34,35,29,0,8,8,8,8,35,30,36,37,31,0,11,11,11,11,35,31,37,38,32,0,0,0,0,0,35,32,38,39,33,0,12,12,12,12,35,33,39,40,34,0,8,8,8,8,35,34,40,41,35,0,13,13,13,13,35,36,42,43,37,0,14,14,14,14,35,37,43,44,38,0,15,15,15,15,35,38,44,45,39,0,16,16,16,16,35,39,45,46,40,0,17,17,17,17,35,40,46,47,41,0,11,11,11,11,35,43,50,51,44,0,0,0,0,0,35,45,52,53,46,0,18,18,18,18,35,46,53,54,47,0,19,19,19,19,35,1,0,55,48,0,20,20,20,20,35,49,56,57,50,0,21,21,21,21,35,50,57,58,51,0,22,22,22,22,35,51,58,59,52,0,23,23,23,23,35,52,59,60,53,0,24,24,24,24,35,55,7,8,56,0,25,25,25,25,35,57,9,10,58,0,26,26,26,26,35,58,10,11,59,0,27,27,27,27,35,96,67,66,102,0,28,28,28,28,35,102,66,65,108,0,28,28,28,28,35,77,76,79,78,0,29,29,29,29,35,75,74,81,80,0,30,30,30,30,35,74,73,82,81,0,31,31,31,31,35,64,78,84,63,0,32,32,32,32,35,79,80,86,85,0,33,33,33,33,35,80,81,87,86,0,34,34,34,34,35,81,82,88,87,0,35,35,35,35,35,82,83,89,88,0,36,36,36,36,35,86,87,93,92,0,37,37,37,37,35,88,89,95,94,0,38,38,38,38,35,89,90,96,95,0,39,39,39,39,35,91,92,98,97,0,40,40,40,40,35,92,93,99,98,0,41,41,41,41,35,93,94,100,99,0,42,42,42,42,35,94,95,101,100,0,43,43,43,43,35,95,96,102,101,0,44,44,44,44,35,97,98,104,103,0,45,45,45,45,35,98,99,105,104,0,46,46,46,46,35,99,100,106,105,0,47,47,47,47,35,100,101,107,106,0,48,48,48,48,35,101,102,108,107,0,49,49,49,49,35,104,105,112,111,0,50,50,50,50,35,106,107,114,113,0,51,51,51,51,35,107,108,115,114,0,52,52,52,52,35,62,109,116,61,0,53,53,53,53,35,110,111,118,117,0,54,54,54,54,35,111,112,119,118,0,55,55,55,55,35,112,113,120,119,0,56,56,56,56,35,113,114,121,120,0,57,57,57,57,35,116,117,69,68,0,58,58,58,58,35,118,119,71,70,0,59,59,59,59,35,119,120,72,71,0,60,60,60,60,35,0,1,62,61,0,61,61,61,61,35,2,3,64,63,0,62,62,62,62,35,5,4,65,66,0,63,63,63,63,35,6,5,66,67,0,64,64,64,64,35,8,7,68,69,0,65,65,65,65,35,10,9,70,71,0,66,66,66,66,35,11,10,71,72,0,67,67,67,67,35,13,12,73,74,0,68,68,68,68,35,14,13,74,75,0,69,69,69,69,35,16,15,76,77,0,70,70,70,70,35,3,17,78,64,0,71,71,71,71,35,18,17,78,79,0,72,72,72,72,35,18,19,80,79,0,73,73,73,73,35,21,22,83,82,0,68,68,68,68,35,23,2,63,84,0,74,74,74,74,35,25,24,85,86,0,75,75,75,75,35,27,26,87,88,0,76,76,76,76,35,28,29,90,89,0,77,77,77,77,35,35,6,67,96,0,78,78,78,78,35,30,31,92,91,0,79,79,79,79,35,32,33,94,93,0,80,80,80,80,35,4,47,108,65,0,81,81,81,81,35,43,42,103,104,0,82,82,82,82,35,45,44,105,106,0,83,83,83,83,35,1,48,109,62,0,84,84,84,84,35,49,50,111,110,0,85,85,85,85,35,51,52,113,112,0,86,86,86,86,35,54,53,114,115,0,87,87,87,87,35,55,0,61,116,0,88,88,88,88,35,55,56,117,116,0,89,89,89,89,35,57,56,117,118,0,90,90,90,90,35,60,59,120,121,0,91,91,91,91,35,17,16,77,78,0,92,92,92,92,35,15,18,79,76,0,93,93,93,93,35,19,14,75,80,0,94,94,94,94,35,12,21,82,73,0,95,95,95,95,35,17,23,84,78,0,96,96,96,96,35,24,18,79,85,0,97,97,97,97,35,22,28,89,83,0,98,98,98,98,35,31,25,86,92,0,99,99,99,99,35,26,32,93,87,0,64,64,64,64,35,33,27,88,94,0,100,100,100,100,35,29,35,96,90,0,101,101,101,101,35,36,30,91,97,0,94,94,94,94,35,42,36,97,103,0,61,61,61,61,35,50,43,104,111,0,102,102,102,102,35,44,51,112,105,0,64,64,64,64,35,52,45,106,113,0,92,92,92,92,35,47,54,115,108,0,95,95,95,95,35,48,55,116,109,0,103,103,103,103,35,56,49,110,117,0,104,104,104,104,35,53,60,121,114,0,105,105,105,105,35,7,55,116,68,0,106,106,106,106,35,56,8,69,117,0,107,107,107,107,35,9,57,118,70,0,108,108,108,108,35,59,11,72,120,0,95,95,95,95],